<application>
  <component name="DartCodeInsightSettings">
    <option name="SHOW_CLOSING_LABELS" value="false" />
  </component>
  <component name="PropertiesComponent">
    <property name="ATTACHED_TOOL_WINDOW.DEFAULT.NAV_EDITOR.PROPERTIES.AUTO_HIDE" value="false" />
    <property name="ATTACHED_TOOL_WINDOW.DEFAULT.NAV_EDITOR.PROPERTIES.LEFT" value="false" />
    <property name="ATTACHED_TOOL_WINDOW.DEFAULT.NAV_EDITOR.PROPERTIES.SPLIT" value="false" />
    <property name="ATTACHED_TOOL_WINDOW.DEFAULT.NAV_EDITOR.TOOL_ORDER" value="PROPERTIES,structure" />
    <property name="ATTACHED_TOOL_WINDOW.DEFAULT.NAV_EDITOR.structure.AUTO_HIDE" value="false" />
    <property name="ATTACHED_TOOL_WINDOW.DEFAULT.NAV_EDITOR.structure.LEFT" value="true" />
    <property name="ATTACHED_TOOL_WINDOW.DEFAULT.NAV_EDITOR.structure.SPLIT" value="false" />
    <property name="ATTACHED_TOOL_WINDOW.DEFAULT.NELE_EDITOR.COMPONENT_TREE.AUTO_HIDE" value="false" />
    <property name="ATTACHED_TOOL_WINDOW.DEFAULT.NELE_EDITOR.COMPONENT_TREE.LEFT" value="true" />
    <property name="ATTACHED_TOOL_WINDOW.DEFAULT.NELE_EDITOR.COMPONENT_TREE.SPLIT" value="true" />
    <property name="ATTACHED_TOOL_WINDOW.DEFAULT.NELE_EDITOR.PALETTE.AUTO_HIDE" value="false" />
    <property name="ATTACHED_TOOL_WINDOW.DEFAULT.NELE_EDITOR.PALETTE.LEFT" value="true" />
    <property name="ATTACHED_TOOL_WINDOW.DEFAULT.NELE_EDITOR.PALETTE.SPLIT" value="false" />
    <property name="ATTACHED_TOOL_WINDOW.DEFAULT.NELE_EDITOR.PROPERTIES.AUTO_HIDE" value="false" />
    <property name="ATTACHED_TOOL_WINDOW.DEFAULT.NELE_EDITOR.PROPERTIES.LEFT" value="false" />
    <property name="ATTACHED_TOOL_WINDOW.DEFAULT.NELE_EDITOR.PROPERTIES.SPLIT" value="false" />
    <property name="ATTACHED_TOOL_WINDOW.DEFAULT.NELE_EDITOR.TOOL_ORDER" value="PALETTE,PROPERTIES,COMPONENT_TREE" />
    <property name="ATTACHED_TOOL_WINDOW.DEFAULT.Preview.PALETTE.AUTO_HIDE" value="true" />
    <property name="ATTACHED_TOOL_WINDOW.DEFAULT.Preview.PALETTE.LEFT" value="true" />
    <property name="ATTACHED_TOOL_WINDOW.DEFAULT.Preview.PALETTE.SPLIT" value="false" />
    <property name="ATTACHED_TOOL_WINDOW.DEFAULT.Preview.TOOL_ORDER" value="PALETTE" />
    <property name="ATTACHED_TOOL_WINDOW.NAV_EDITOR.LEFT.UNSCALED.WIDTH" value="225" />
    <property name="ATTACHED_TOOL_WINDOW.NAV_EDITOR.RIGHT.UNSCALED.WIDTH" value="251" />
    <property name="ATTACHED_TOOL_WINDOW.NAV_EDITOR.TOOL_ORDER" value="PROPERTIES,structure" />
    <property name="ATTACHED_TOOL_WINDOW.NAV_EDITOR.structure.LEFT" value="true" />
    <property name="ATTACHED_TOOL_WINDOW.NELE_EDITOR.COMPONENT_TREE.LEFT" value="true" />
    <property name="ATTACHED_TOOL_WINDOW.NELE_EDITOR.COMPONENT_TREE.SPLIT" value="true" />
    <property name="ATTACHED_TOOL_WINDOW.NELE_EDITOR.LEFT.UNSCALED.WIDTH" value="301" />
    <property name="ATTACHED_TOOL_WINDOW.NELE_EDITOR.PALETTE.LEFT" value="true" />
    <property name="ATTACHED_TOOL_WINDOW.NELE_EDITOR.PROPERTIES.MINIMIZED" value="true" />
    <property name="ATTACHED_TOOL_WINDOW.NELE_EDITOR.RIGHT.UNSCALED.WIDTH" value="280" />
    <property name="ATTACHED_TOOL_WINDOW.NELE_EDITOR.TOOL_ORDER" value="PALETTE,PROPERTIES,COMPONENT_TREE" />
    <property name="ATTACHED_TOOL_WINDOW.Preview.LEFT.UNSCALED.WIDTH" value="225" />
    <property name="ATTACHED_TOOL_WINDOW.Preview.PALETTE.AUTO_HIDE" value="true" />
    <property name="ATTACHED_TOOL_WINDOW.Preview.PALETTE.LEFT" value="true" />
    <property name="ATTACHED_TOOL_WINDOW.Preview.RIGHT.UNSCALED.WIDTH" value="225" />
    <property name="ATTACHED_TOOL_WINDOW.Preview.TOOL_ORDER" value="PALETTE" />
    <property name="AndroidInitConfigurator.V1" value="true" />
    <property name="AndroidInitConfigurator.V3" value="true" />
    <property name="AndroidInitConfigurator.V5" value="true" />
    <property name="AndroidPlatformName" value="Android API 28 Platform" />
    <property name="ColorChooser.RecentColors" value="255-255-255-255,,,54-73-88-255,,,0-0-0-255,,,115-115-115-255,,,51-51-51-255,,,179-179-179-255,,,67-160-71-255,,,229-57-53-255,,,255-179-102-255,,,232-230-0-255,,,203-203-203-255,,,27-213-139-255,,,221-221-221-255,,,139-139-139-255" />
    <property name="CommitChangeListDialog.DETAILS_SHOW_OPTION_" value="false" />
    <property name="CommitChangeListDialog.DETAILS_SPLITTER_PROPORTION_2" value="0.62028986" />
    <property name="CommitChangeListDialog.SPLITTER_PROPORTION_2" value="0.8831776" />
    <property name="CommittedChanges.SplitterProportions.0" value="700" />
    <property name="CommittedChanges.SplitterProportions.1" value="500" />
    <property name="Copy.OpenInEditor" value="true" />
    <property name="Default.savedEditorTheme" value="_@user_Default" />
    <property name="ExpandBeforeRunStepsPanel" value="true" />
    <property name="ExpandRunDashboardTypesPanel" value="false" />
    <property name="FLUTTER_COMPANY_DOMAIN" value="justcodenow.com" />
    <property name="FileTemplates.SelectedTemplate" value="HTML File" />
    <property name="INTENTION_FILTER_HISTORY" value="getter" />
    <property name="KEYMAP" value="package&#10;resource&#10;layout&#10;java&#10;kotlin" />
    <property name="LOG_FILTER_HISTORY" value="ver&#10;id&#10;tag&#10;4&#10;123" />
    <property name="LayoutCode.optimizeImports" value="false" />
    <property name="MemberChooser.copyJavadoc" value="false" />
    <property name="MemberChooser.showClasses" value="true" />
    <property name="MobileminApi" value="16" />
    <property name="NlScreenMode" value="SCREEN_ONLY" />
    <property name="PLUGIN_FILTER" value="kotlin&#10;kdoc&#10;flutter&#10;jsonto&#10;adb" />
    <property name="SAVED_ANDROID_NPW_LANGUAGE" value="Kotlin" />
    <property name="SAVED_ANDROID_PACKAGE" value="com.kiddo" />
    <property name="SAVED_COMPANY_DOMAIN" value="com.himanshu97" />
    <property name="SHOW_INHERITED.file.structure.state" value="true" />
    <property name="SearchEveryWhereHistory" value="retrofit interface&#10;Cart&#10;Dashbo&#10;Home&#10;watchlist" />
    <property name="SettingsSearchHistory" value="ś&#10;git&#10;instant&#10;github&#10;Tab,Indent" />
    <property name="TemplateBuilder_key_category" value="win 10" />
    <property name="TemplateBuilder_key_template_path" value="F:/template" />
    <property name="TrendingPluginsSearchHistory" value="batch import&#10;template" />
    <property name="android-component-compatibility-check" value="1564635551011" />
    <property name="android.psd.proportion.modules" value="0.21751826" />
    <property name="build.toolwindow.Build Output.selection.state" value="com.intellij.build.BuildTreeConsoleView" />
    <property name="build.toolwindow.Build.selection.state" value="com.intellij.build.BuildTreeConsoleView" />
    <property name="build.toolwindow.Sync.selection.state" value="com.intellij.build.BuildTreeConsoleView" />
    <property name="build.toolwindow.run.selection.state" value="consoleView" />
    <property name="colorPickerCategoryProperty" value="MATERIAL_500" />
    <property name="com.intellij.diagnostic.IdeErrorsDialogactiveTab" value="0" />
    <property name="com.intellij.history.integration.ui.views.DirectoryHistoryDialog.0" value="300" />
    <property name="com.intellij.history.integration.ui.views.FileHistoryDialog.0" value="300" />
    <property name="com.intellij.history.integration.ui.views.FileHistoryDialog.1" value="800" />
    <property name="debugger.kotlin.variable.view" value="true" />
    <property name="decompiler.legal.notice.accepted" value="true" />
    <property name="exception.accepted.notices" value="182193a2" />
    <property name="file.chooser.recent.files" value="F:/tatatu_invite_friends/tatatu_29_07_19_before_pull/tatatu&#10;F:/AndroidProjects/showmotion/ShowmotionApp&#10;C:/Users/win 10/Downloads/menu.svg&#10;C:/Users/win 10/Downloads/home.svg&#10;C:/Users/win 10/Downloads/schedules.svg&#10;C:/Users/win 10/Downloads/chats.svg&#10;C:/Users/win 10/Downloads/notifications.svg&#10;C:/Users/win 10/Downloads/terms.svg&#10;C:/Users/win 10/Downloads/support.svg&#10;C:/Users/win 10/Downloads/rate_us.svg&#10;C:/Users/win 10/Downloads/privacy.svg&#10;C:/Users/win 10/Downloads/play_icon_circle_80__1_1.svg&#10;C:/Users/win 10/Downloads/notification_settings.svg&#10;C:/Users/win 10/Downloads/my_listing.svg&#10;C:/Users/win 10/Downloads/invite_contacts.svg&#10;C:/Users/win 10/Downloads/faq.svg&#10;C:/Users/win 10/Downloads/icon_back_header_1.svg&#10;C:/Users/win 10/Downloads/my_profile.svg&#10;F:/AndroidProjects/ShowmotionApp/ShowmotionApp&#10;C:/Users/win 10/Downloads/icoRemove_1.svg&#10;F:/AndroidProjects/Source Code/Source Code&#10;F:/tatatu_invite_friends/tatatu_24_07_18/tatatu&#10;C:/Users/win 10/Downloads/illustration_Complete_your_profile_Light_Mode_1.svg&#10;C:/Users/win 10/Desktop/post/Email sent! Illustration Light Mode@3x.png&#10;C:/Users/win 10/Downloads/Email_sent_Illustration_Light_Mode_1.svg&#10;F:/tatatu_invite_friends/tatatu_19_07_19/tatatu&#10;C:/Users/win 10/Downloads/Chevron_Select__1_1.svg&#10;C:/Users/win 10/Downloads/Ellipse 367_1/Ellipse 367_1.svg&#10;C:/Users/win 10/Downloads/Ellipse 367_1/icon Privacy Settings_1.svg&#10;C:/Users/win 10/Downloads/Ellipse 367_1/icon Settings Terms of use #FFCC00_1.svg" />
    <property name="file.gist.reindex.count" value="35675" />
    <property name="fileTypeChangedCounter" value="3" />
    <property name="inspector.open.All Attributes" value="true" />
    <property name="inspector.open.textAppearance" value="true" />
    <property name="installed.kotlin.plugin.version" value="1.3.41-release-Studio3.4-1" />
    <property name="io.flutter.analytics.clientId" value="4354fda9-2f61-4438-a553-22ceed4e1e81" />
    <property name="io.flutter.analytics.toastShown" value="true" />
    <property name="jsonToKotlin_user_uuid_value_key" value="d9897eec-8c62-4458-b1be-4a9670288ea2" />
    <property name="kotlin.lastUpdateCheck" value="1564640504254" />
    <property name="kotlin.plugin.releaseDate" value="1.3.41-release-Studio3.4-1:2019-07-03" />
    <property name="last.used.gradle.home" value="$APPLICATION_HOME_DIR$/gradle/gradle-5.1.1" />
    <property name="lastTip" value="19" />
    <property name="newly.installed.api.level" value="21" />
    <property name="properties.mode" value="INSPECTOR" />
    <property name="search.everywhere.max.popup.width" value="660" />
    <property name="selected.color.option.type" value="KOTLIN_DSL_STYLE1" />
    <property name="settings.code.style.selected.tab.JAVA" value="Wrapping and Braces" />
    <property name="settings.code.style.selected.tab.XML" value="Android" />
    <property name="settings.code.style.selected.tab.kotlin" value="Wrapping and Braces" />
    <property name="studio.activity.count" value="0" />
  </component>
</application>