<keymap version="1" name="Default copy" parent="$default">
  <action id="ActivateLogcatToolWindow">
    <keyboard-shortcut first-keystroke="alt 6" />
  </action>
  <action id="ActivateTODOToolWindow" />
  <action id="Android.CreateResourcesActionGroup">
    <keyboard-shortcut first-keystroke="ctrl numpad3" />
  </action>
  <action id="Android.SyncProject">
    <keyboard-shortcut first-keystroke="ctrl numpad5" />
  </action>
  <action id="CloseAllEditorsButActive">
    <keyboard-shortcut first-keystroke="shift windows" />
  </action>
  <action id="CopyAsPlainText">
    <keyboard-shortcut first-keystroke="alt c" />
  </action>
  <action id="Kotlin.NewFile">
    <keyboard-shortcut first-keystroke="alt numpad7" />
  </action>
  <action id="NewAndroidVectorAsset">
    <keyboard-shortcut first-keystroke="ctrl numpad9" />
  </action>
  <action id="NewClass">
    <keyboard-shortcut first-keystroke="ctrl numpad7" />
  </action>
  <action id="NewDir">
    <keyboard-shortcut first-keystroke="ctrl numpad8" />
  </action>
  <action id="RevealIn">
    <keyboard-shortcut first-keystroke="ctrl numpad6" />
  </action>
</keymap>